market,period,product_id,market_share,calories,organic,price
1,1,2,0.052560647,1.6,1,2.12
1,1,3,0.242138365,1.98,0,1.41
1,1,4,0.078167116,1.71,1,1.74
1,1,7,0.029200359,1.61,1,2.02
1,1,8,0.005840072,2.04,0,1.22
1,1,10,0.100628931,2.04,0,1.18
1,1,11,0.048742138,1.59,1,1.75
1,1,16,0.048742138,1.97,0,1.32
1,1,18,0.005166217,1.98,0,1.36
1,1,20,0.022237197,2.08,0,1.28
2,1,2,0.039843877,1.6,1,2.05
2,1,4,0.126524638,1.71,1,1.77
2,1,7,0.072369491,1.61,1,2.05
2,1,8,0.077248333,2.04,0,1.31
2,1,9,0.013335502,2,0,1.41
2,1,10,0.022280046,2.04,0,1.21
2,1,12,0.08846967,2.16,0,1.22
2,1,13,0.020165881,1.95,0,1.27
2,1,14,0.006505123,1.62,1,1.97
2,1,15,0.029598309,2.01,0,1.38
2,1,16,0.011221337,1.97,0,1.25
2,1,18,0.040006505,1.98,0,1.35
2,1,19,0.013986014,1.89,0,1.4
2,1,20,0.015612295,2.08,0,1.28
3,1,3,0.108920554,1.98,0,1.22
3,1,5,0.043529182,1.95,0,1.43
3,1,6,0.040210814,2,0,1.21
3,1,9,0.032012493,2,0,1.27
3,1,15,0.025961351,2.01,0,1.47
3,1,19,0.190318173,1.89,0,1.42
4,1,1,0.060266385,1.61,1,2.05
4,1,3,0.153896875,1.98,0,1.24
4,1,4,0.035737835,1.71,1,1.73
4,1,12,0.018594224,2.16,0,1.18
4,1,13,0.210602664,1.95,0,1.36
4,1,18,0.104444151,1.98,0,1.37
4,1,19,0.058552024,1.89,0,1.4
4,1,20,0.006989318,2.08,0,1.29
5,1,2,0.010833841,1.6,1,2.1
5,1,3,0.027267194,1.98,0,1.29
5,1,5,0.020206939,1.95,0,1.38
5,1,7,0.012781497,1.61,1,1.94
5,1,11,0.164090079,1.59,1,1.92
5,1,12,0.046622033,2.16,0,1.23
5,1,16,0.011077298,1.97,0,1.27
5,1,18,0.022763238,1.98,0,1.49
5,1,20,0.205477785,2.08,0,1.36
1,2,4,0.157232704,1.71,1,1.99
1,2,14,0.015947889,1.62,1,2.24
1,2,15,0.174079066,2.01,0,1.58
1,2,16,0.019317161,1.97,0,1.35
1,2,20,0.070530099,2.08,0,1.01
2,2,2,0.041632786,1.6,1,1.98
2,2,3,0.173036266,1.98,0,1.31
2,2,6,0.043096438,2,0,1.34
2,2,7,0.026671003,1.61,1,1.79
2,2,8,0.029110424,2.04,0,1.1
2,2,11,0.170434217,1.59,1,1.87
2,2,12,0.019677996,2.16,0,1.29
2,2,13,0.053179379,1.95,0,1.33
2,2,14,0.009432428,1.62,1,2.06
2,2,16,0.010408196,1.97,0,1.28
2,2,17,0.067165393,1.55,1,1.59
2,2,19,0.019027484,1.89,0,1.47
3,2,2,0.172750342,1.6,1,2.08
3,2,5,0.057583447,1.95,0,1.18
3,2,15,0.017763029,2.01,0,1.35
3,2,18,0.041967597,1.98,0,1.5
3,2,20,0.167870388,2.08,0,1.12
4,2,2,0.06580509,1.6,1,2
4,2,3,0.03257286,1.98,0,1.32
4,2,7,0.024396677,1.61,1,1.94
4,2,8,0.031913491,2.04,0,1.19
4,2,9,0.091784254,2,0,1.26
4,2,11,0.013187393,1.59,1,1.9
4,2,17,0.088751154,1.55,1,1.61
4,2,20,0.108532243,2.08,0,1.24
5,2,1,0.057212416,1.61,1,1.82
5,2,3,0.237735849,1.98,0,1.48
5,2,4,0.012781497,1.71,1,1.87
5,2,13,0.03432745,1.95,0,1.27
5,2,14,0.100304321,1.62,1,2.31
5,2,15,0.032136336,2.01,0,1.35
5,2,18,0.028849665,1.98,0,1.49
1,3,3,0.097708895,1.98,0,1.18
1,3,5,0.011455526,1.95,0,1.28
1,3,6,0.019541779,2,0,1.47
1,3,8,0.28885894,2.04,0,1.19
1,3,11,0.022686433,1.59,1,2.01
1,3,12,0.004941599,2.16,0,1.29
1,3,16,0.022461815,1.97,0,1.38
1,3,17,0.114779874,1.55,1,1.91
1,3,19,0.011680144,1.89,0,1.49
2,3,1,0.040819645,1.61,1,1.79
2,3,3,0.035290291,1.98,0,1.16
2,3,4,0.055456172,1.71,1,1.95
2,3,5,0.015937551,1.95,0,1.27
2,3,6,0.00845666,2,0,1.44
2,3,7,0.106521386,1.61,1,1.76
2,3,8,0.078549358,2.04,0,1.08
2,3,11,0.108310294,1.59,1,2.05
2,3,16,0.163766466,1.97,0,1.34
2,3,18,0.008131403,1.98,0,1.36
2,3,19,0.029760937,1.89,0,1.45
2,3,20,0.004390958,2.08,0,1.26
3,3,3,0.010540699,1.98,0,1.23
3,3,4,0.069685731,1.71,1,1.96
3,3,5,0.217255514,1.95,0,1.36
3,3,6,0.005075151,2,0,1.45
3,3,7,0.004684755,1.61,1,1.8
3,3,9,0.014444661,2,0,1.42
3,3,13,0.018348624,1.95,0,1.26
3,3,15,0.028694125,2.01,0,1.28
3,3,17,0.033769276,1.55,1,1.9
3,3,18,0.193831739,1.98,0,1.49
4,3,3,0.094817355,1.98,0,1.21
4,3,7,0.05604642,1.61,1,1.87
4,3,9,0.013187393,2,0,1.32
4,3,11,0.012923645,1.59,1,1.98
4,3,12,0.011604906,2.16,0,1.26
4,3,14,0.006593696,1.62,1,2.18
4,3,15,0.119082157,2.01,0,1.31
4,3,16,0.064354477,1.97,0,1.32
4,3,18,0.04734274,1.98,0,1.39
4,3,19,0.126598971,1.89,0,1.67
5,3,1,0.217163725,1.61,1,2.04
5,3,6,0.005477785,2,0,1.44
5,3,7,0.042726719,1.61,1,1.71
5,3,9,0.069628728,2,0,1.33
5,3,12,0.075715155,2.16,0,1.41
5,3,15,0.023128424,2.01,0,1.27
5,3,18,0.045526476,1.98,0,1.37
5,3,19,0.018624467,1.89,0,1.5
1,4,1,0.142407907,1.61,1,1.98
1,4,4,0.009209344,1.71,1,2.14
1,4,5,0.034366577,1.95,0,1.31
1,4,7,0.031446541,1.61,1,1.81
1,4,11,0.09097035,1.59,1,1.9
1,4,12,0.056603774,2.16,0,1.52
1,4,14,0.018643306,1.62,1,2.01
1,4,20,0.055256065,2.08,0,1.38
2,4,2,0.004390958,1.6,1,2.02
2,4,3,0.131240852,1.98,0,1.22
2,4,4,0.008944544,1.71,1,2.06
2,4,5,0.032200358,1.95,0,1.36
2,4,6,0.01935274,2,0,1.44
2,4,7,0.049113677,1.61,1,1.91
2,4,8,0.136282322,2.04,0,1.19
2,4,13,0.036103431,1.95,0,1.24
2,4,15,0.017889088,2.01,0,1.31
2,4,16,0.037567084,1.97,0,1.25
2,4,20,0.013660758,2.08,0,1.41
3,4,2,0.035526059,1.6,1,2.1
3,4,3,0.140737849,1.98,0,1.02
3,4,5,0.090376732,1.95,0,1.26
3,4,7,0.060316221,1.61,1,1.86
3,4,8,0.079250439,2.04,0,1.14
3,4,9,0.060706617,2,0,1.42
3,4,12,0.009955104,2.16,0,1.47
3,4,13,0.016006246,1.95,0,1.23
3,4,15,0.046457154,2.01,0,1.23
4,4,2,0.012396149,1.6,1,2.04
4,4,4,0.005406831,1.71,1,1.88
4,4,5,0.038770935,1.95,0,1.2
4,4,7,0.09297112,1.61,1,1.95
4,4,8,0.047078992,2.04,0,1.08
4,4,10,0.06712383,2.04,0,1.32
4,4,11,0.04866148,1.59,1,1.99
4,4,13,0.023605433,1.95,0,1.4
4,4,14,0.124752736,1.62,1,2.09
4,4,16,0.042595279,1.97,0,1.27
4,4,18,0.032045365,1.98,0,1.43
4,4,20,0.021363576,2.08,0,1.37
5,4,1,0.015216068,1.61,1,2
5,4,2,0.029580037,1.6,1,2.16
5,4,5,0.068411442,1.95,0,1.36
5,4,10,0.07194157,2.04,0,1.34
5,4,13,0.042239805,1.95,0,1.36
5,4,16,0.174558734,1.97,0,1.22
5,4,18,0.062325015,1.98,0,1.34
5,4,19,0.01923311,1.89,0,1.51
5,4,20,0.004503956,2.08,0,1.48
1,5,1,0.071428571,1.61,1,1.88
1,5,2,0.017070979,1.6,1,1.97
1,5,5,0.099056604,1.95,0,1.39
1,5,7,0.041778976,1.61,1,1.73
1,5,9,0.018418688,2,0,1.84
1,5,10,0.05098832,2.04,0,1.03
1,5,11,0.007637017,1.59,1,2.02
1,5,14,0.076145553,1.62,1,2.04
1,5,15,0.076819407,2.01,0,1.28
1,5,16,0.174079066,1.97,0,1.29
1,5,19,0.015274034,1.89,0,1.32
2,5,3,0.184908115,1.98,0,1.08
2,5,4,0.01512441,1.71,1,2.14
2,5,5,0.122296308,1.95,0,1.42
2,5,6,0.071718979,2,0,1.43
2,5,7,0.052366238,1.61,1,1.81
2,5,13,0.016262807,1.95,0,1.32
2,5,16,0.01935274,1.97,0,1.24
2,5,20,0.05139047,2.08,0,1.36
3,5,1,0.045676362,1.61,1,1.7
3,5,2,0.025180558,1.6,1,2.05
3,5,3,0.057778645,1.98,0,1.02
3,5,5,0.03435487,1.95,0,1.26
3,5,6,0.010735897,2,0,1.48
3,5,8,0.076908062,2.04,0,1.06
3,5,11,0.044114776,1.59,1,2.03
3,5,14,0.022447785,1.62,1,1.94
3,5,16,0.03435487,1.97,0,1.22
3,5,17,0.050165918,1.55,1,1.85
3,5,19,0.006051142,1.89,0,1.42
3,5,20,0.259613508,2.08,0,1.48
4,5,1,0.017539232,1.61,1,1.82
4,5,3,0.060398259,1.98,0,0.98
4,5,4,0.003164974,1.71,1,2.21
4,5,5,0.108532243,1.95,0,1.38
4,5,6,0.013055519,2,0,1.5
4,5,7,0.073981274,1.61,1,1.8
4,5,8,0.080311222,2.04,0,1.17
4,5,12,0.003560596,2.16,0,1.63
4,5,13,0.032836608,1.95,0,1.36
4,5,14,0.007253066,1.62,1,1.95
4,5,15,0.033364104,2.01,0,1.27
4,5,17,0.053804563,1.55,1,1.85
4,5,18,0.035078465,1.98,0,1.36
5,5,4,0.033231893,1.71,1,2.14
5,5,7,0.120389531,1.61,1,1.77
5,5,9,0.003651856,2,0,1.77
5,5,10,0.015459525,2.04,0,1.04
5,5,11,0.021667681,1.59,1,2.09
5,5,12,0.044552648,2.16,0,1.52
5,5,13,0.121850274,1.95,0,1.4
5,5,15,0.036031649,2.01,0,1.26
5,5,16,0.103590992,1.97,0,1.3
5,5,17,0.085575167,1.55,1,1.84
1,6,1,0.025831087,1.61,1,1.82
1,6,4,0.034815813,1.71,1,2.27
1,6,6,0.014150943,2,0,1.46
1,6,10,0.102201258,2.04,0,1.32
1,6,12,0.02178796,2.16,0,1.41
1,6,14,0.10197664,1.62,1,1.73
2,6,1,0.023906326,1.61,1,1.78
2,6,4,0.038054968,1.71,1,2.27
2,6,5,0.039518621,1.95,0,1.35
2,6,9,0.038380224,2,0,1.63
2,6,10,0.066026996,2.04,0,1.35
2,6,12,0.067815905,2.16,0,1.43
2,6,13,0.038868109,1.95,0,1.27
2,6,14,0.062937063,1.62,1,1.77
2,6,17,0.096601073,1.55,1,1.94
3,6,5,0.078274449,1.95,0,1.42
3,6,6,0.043138786,2,0,1.56
3,6,8,0.083544798,2.04,0,1
3,6,9,0.012687878,2,0,1.79
3,6,12,0.017567831,2.16,0,1.54
3,6,16,0.062268202,1.97,0,1.25
3,6,18,0.055631466,1.98,0,1.37
3,6,19,0.078860043,1.89,0,1.33
3,6,20,0.064805778,2.08,0,1.6
4,6,7,0.037715944,1.61,1,1.84
4,6,9,0.018989846,2,0,1.84
4,6,10,0.079651853,2.04,0,1.29
4,6,11,0.106949756,1.59,1,2.31
4,6,12,0.009231175,2.16,0,1.49
4,6,13,0.032704734,1.95,0,1.27
4,6,16,0.069629434,1.97,0,1.29
4,6,17,0.030067256,1.55,1,1.84
5,6,1,0.291905052,1.61,1,2
5,6,2,0.009738284,1.6,1,1.98
5,6,5,0.044796105,1.95,0,1.42
5,6,6,0.023371881,2,0,1.52
5,6,9,0.002556299,2,0,1.69
5,6,12,0.027875837,2.16,0,1.42
5,6,13,0.100182593,1.95,0,1.24
5,6,15,0.009251369,2.01,0,1.45
5,6,18,0.04601339,1.98,0,1.24
5,6,20,0.021302495,2.08,0,1.44
1,7,1,0.012578616,1.61,1,1.88
1,7,10,0.179469901,2.04,0,1.37
1,7,12,0.00853549,2.16,0,1.53
1,7,16,0.217879605,1.97,0,1.44
1,7,17,0.048292902,1.55,1,1.87
1,7,20,0.008086253,2.08,0,1.46
2,7,5,0.018376972,1.95,0,1.27
2,7,7,0.029273053,1.61,1,1.8
2,7,8,0.428037079,2.04,0,1.2
2,7,10,0.006993007,2.04,0,1.19
2,7,11,0.012359733,1.59,1,2.14
2,7,16,0.068141161,1.97,0,1.27
3,7,3,0.16982237,1.98,0,0.98
3,7,5,0.088424751,1.95,0,1.35
3,7,13,0.054265079,1.95,0,1.36
3,7,15,0.004489557,2.01,0,1.52
3,7,17,0.138005075,1.55,1,1.79
3,7,19,0.028889323,1.89,0,1.28
4,7,1,0.006857444,1.61,1,1.96
4,7,2,0.026374786,1.6,1,1.98
4,7,3,0.264934722,1.98,0,1.02
4,7,4,0.012659897,1.71,1,2.24
4,7,8,0.223394435,2.04,0,1.05
4,7,9,0.005670579,2,0,1.76
4,7,11,0.010813662,1.59,1,2.22
4,7,12,0.013978636,2.16,0,1.62
4,7,13,0.010681788,1.95,0,1.35
4,7,15,0.005406831,2.01,0,1.51
4,7,18,0.045364631,1.98,0,1.43
5,7,1,0.048934875,1.61,1,1.93
5,7,2,0.077662812,1.6,1,2
5,7,6,0.092391966,2,0,1.49
5,7,7,0.004503956,1.61,1,1.77
5,7,8,0.125258673,2.04,0,0.98
5,7,10,0.038953135,2.04,0,1.28
5,7,11,0.026536823,1.59,1,2.15
5,7,14,0.056482045,1.62,1,1.64
5,7,19,0.083140596,1.89,0,1.27
1,8,1,0.008086253,1.61,1,2.1
1,8,2,0.016397125,1.6,1,1.95
1,8,3,0.179245283,1.98,0,0.87
1,8,8,0.117475292,2.04,0,1.14
1,8,12,0.008984726,2.16,0,1.69
1,8,14,0.042003594,1.62,1,1.9
1,8,15,0.004941599,2.01,0,1.46
1,8,17,0.212039533,1.55,1,2.01
2,8,2,0.087331273,1.6,1,2.07
2,8,4,0.037404456,1.71,1,2.35
2,8,5,0.036753944,1.95,0,1.52
2,8,6,0.01772646,2,0,1.33
2,8,8,0.017401203,2.04,0,1.09
2,8,9,0.03789234,2,0,1.67
2,8,10,0.056757196,2.04,0,1.17
2,8,11,0.016262807,1.59,1,2.1
2,8,13,0.083590828,1.95,0,1.26
2,8,15,0.006179867,2.01,0,1.37
2,8,16,0.025857863,1.97,0,1.34
2,8,19,0.048625793,1.89,0,1.41
2,8,20,0.095137421,2.08,0,1.35
3,8,2,0.022057388,1.6,1,2.03
3,8,5,0.013273473,1.95,0,1.53
3,8,7,0.168065587,1.61,1,1.77
3,8,8,0.089400742,2.04,0,1.13
3,8,14,0.002537576,1.62,1,1.81
3,8,16,0.104040601,1.97,0,1.29
3,8,20,0.033964474,2.08,0,1.44
4,8,1,0.053804563,1.61,1,2.2
4,8,11,0.034550969,1.59,1,2.15
4,8,14,0.148094422,1.62,1,1.98
4,8,15,0.037188448,2.01,0,1.36
4,8,16,0.02888039,1.97,0,1.37
4,8,17,0.07450877,1.55,1,1.97
4,8,19,0.038111565,1.89,0,1.44
5,8,1,0.003286671,1.61,1,2.07
5,8,2,0.150821668,1.6,1,2.22
5,8,3,0.156908095,1.98,0,0.87
5,8,5,0.053804017,1.95,0,1.48
5,8,9,0.007790627,2,0,1.78
5,8,10,0.243944005,2.04,0,1.34
5,8,11,0.001947657,1.59,1,2.1
5,8,18,0.021545953,1.98,0,1.5
5,8,20,0.014850883,2.08,0,1.34
1,9,3,0.216307278,1.98,0,0.73
1,9,6,0.065363881,2,0,1.29
1,9,9,0.01460018,2,0,1.68
1,9,11,0.13836478,1.59,1,2
1,9,12,0.040880503,2.16,0,1.53
1,9,13,0.002695418,1.95,0,1.49
1,9,14,0.036612758,1.62,1,1.81
1,9,16,0.08984726,1.97,0,1.56
1,9,18,0.007861635,1.98,0,1.26
2,9,1,0.078061473,1.61,1,2.11
2,9,2,0.006505123,1.6,1,2.14
2,9,3,0.244429989,1.98,0,0.92
2,9,5,0.002276793,1.95,0,1.63
2,9,6,0.091722231,2,0,1.24
2,9,12,0.007968775,2.16,0,1.62
2,9,14,0.034477151,1.62,1,1.91
2,9,16,0.038542852,1.97,0,1.53
2,9,18,0.003089933,1.98,0,1.34
2,9,20,0.014799154,2.08,0,1.38
3,9,1,0.002927972,1.61,1,2.34
3,9,3,0.247706422,1.98,0,0.8
3,9,6,0.036306851,2,0,1.3
3,9,8,0.05524107,2.04,0,1.28
3,9,9,0.005270349,2,0,1.73
3,9,12,0.000975991,2.16,0,1.47
3,9,13,0.029084521,1.95,0,1.45
3,9,15,0.065781768,2.01,0,1.36
3,9,20,0.165528011,2.08,0,1.47
4,9,4,0.016616115,1.71,1,1.97
4,9,6,0.02953976,2,0,1.22
4,9,7,0.265462218,1.61,1,1.73
4,9,9,0.009494923,2,0,1.75
4,9,10,0.010022419,2.04,0,1.24
4,9,14,0.065145721,1.62,1,1.89
4,9,15,0.030858499,2.01,0,1.27
4,9,16,0.023869181,1.97,0,1.58
4,9,17,0.058947646,1.55,1,1.83
4,9,19,0.048397732,1.89,0,1.46
4,9,20,0.029407886,2.08,0,1.27
5,9,1,0.014120511,1.61,1,2.13
5,9,5,0.017650639,1.95,0,1.52
5,9,7,0.135970785,1.61,1,1.68
5,9,8,0.024102252,2.04,0,1.29
5,9,9,0.004017042,2,0,1.68
5,9,12,0.01509434,2.16,0,1.56
5,9,14,0.00839927,1.62,1,1.92
5,9,15,0.096652465,2.01,0,1.32
5,9,19,0.161898965,1.89,0,1.43
5,9,20,0.091052952,2.08,0,1.3
1,10,3,0.091868823,1.98,0,0.69
1,10,4,0.016397125,1.71,1,2.25
1,10,7,0.112533693,1.61,1,1.99
1,10,8,0.088274933,2.04,0,1.14
1,10,12,0.017520216,2.16,0,1.54
1,10,18,0.137017071,1.98,0,1.3
1,10,19,0.081087152,1.89,0,1.61
2,10,4,0.005529354,1.71,1,2.26
2,10,5,0.076597821,1.95,0,1.41
2,10,6,0.015612295,2,0,1.31
2,10,8,0.190600098,2.04,0,1.2
2,10,14,0.030574077,1.62,1,1.91
2,10,15,0.011709221,2.01,0,1.56
2,10,16,0.015612295,1.97,0,1.59
2,10,17,0.058058221,1.55,1,1.9
2,10,20,0.054317775,2.08,0,1.17
3,10,1,0.023423775,1.61,1,1.96
3,10,4,0.004099161,1.71,1,2.13
3,10,7,0.134881905,1.61,1,1.9
3,10,8,0.072613703,2.04,0,1.04
3,10,10,0.165137615,2.04,0,1.03
3,10,14,0.082178411,1.62,1,1.91
3,10,18,0.020495803,1.98,0,1.14
3,10,20,0.107944564,2.08,0,1.13
4,10,1,0.126071476,1.61,1,1.98
4,10,2,0.038375313,1.6,1,2.06
4,10,4,0.02149545,1.71,1,2.21
4,10,6,0.081761836,2,0,1.33
4,10,10,0.174996703,2.04,0,1.07
4,10,13,0.068310695,1.95,0,1.39
4,10,14,0.0030331,1.62,1,1.94
4,10,15,0.002241857,2.01,0,1.52
4,10,16,0.005934327,1.97,0,1.59
4,10,18,0.015692997,1.98,0,1.08
4,10,19,0.025979164,1.89,0,1.57
4,10,20,0.028352895,2.08,0,1.18
5,10,2,0.038587949,1.6,1,2.04
5,10,4,0.056360316,1.71,1,2.12
5,10,6,0.003895313,2,0,1.35
5,10,7,0.031649422,1.61,1,1.87
5,10,8,0.069506999,2.04,0,1.1
5,10,11,0.052465003,1.59,1,2.15
5,10,12,0.043335362,2.16,0,1.54
5,10,13,0.030066951,1.95,0,1.43
5,10,14,0.066707243,1.62,1,1.92
5,10,15,0.052830189,2.01,0,1.55
5,10,19,0.007181984,1.89,0,1.55
1,11,4,0.070080863,1.71,1,2.22
1,11,5,0.003144654,1.95,0,1.37
1,11,7,0.077493261,1.61,1,1.82
1,11,8,0.033018868,2.04,0,1.25
1,11,9,0.008760108,2,0,1.6
1,11,10,0.154537287,2.04,0,1.09
1,11,11,0.003818509,1.59,1,2.35
1,11,14,0.019766397,1.62,1,1.94
1,11,18,0.040431267,1.98,0,1.02
1,11,20,0.174079066,2.08,0,1.21
2,11,1,0.063424947,1.61,1,2.17
2,11,2,0.031387217,1.6,1,2
2,11,4,0.014799154,1.71,1,2.25
2,11,7,0.007806147,1.61,1,1.78
2,11,10,0.154496666,2.04,0,1.11
2,11,12,0.038217596,2.16,0,1.5
2,11,13,0.01512441,1.95,0,1.3
2,11,14,0.069604814,1.62,1,1.95
2,11,18,0.155635063,1.98,0,1.12
3,11,2,0.02498536,1.6,1,2.07
3,11,8,0.06773375,2.04,0,1.36
3,11,9,0.02186219,2,0,1.51
3,11,12,0.005660746,2.16,0,1.51
3,11,14,0.160062463,1.62,1,2.02
3,11,16,0.090376732,1.97,0,1.66
3,11,17,0.067148155,1.55,1,1.78
3,11,19,0.047433145,1.89,0,1.42
4,11,1,0.056573915,1.61,1,1.98
4,11,2,0.01107741,1.6,1,2.01
4,11,6,0.032836608,2,0,1.3
4,11,8,0.078464987,2.04,0,1.28
4,11,9,0.003164974,2,0,1.62
4,11,10,0.040485296,2.04,0,1.11
4,11,13,0.026242912,1.95,0,1.31
4,11,15,0.01173678,2.01,0,1.65
4,11,16,0.023737307,1.97,0,1.59
4,11,18,0.120796519,1.98,0,1.09
4,11,20,0.035737835,2.08,0,1.23
5,11,1,0.005964699,1.61,1,1.95
5,11,2,0.008277541,1.6,1,2.12
5,11,5,0.019598296,1.95,0,1.32
5,11,6,0.165794279,2,0,1.37
5,11,12,0.010346926,2.16,0,1.56
5,11,13,0.038953135,1.95,0,1.37
5,11,14,0.051369446,1.62,1,1.9
5,11,18,0.181740718,1.98,0,1.18
5,11,19,0.018989653,1.89,0,1.45
5,11,20,0.029093122,2.08,0,1.15
1,12,1,0.111185984,1.61,1,2.21
1,12,2,0.017520216,1.6,1,2.06
1,12,3,0.205525606,1.98,0,0.74
1,12,4,0.018418688,1.71,1,2
1,12,5,0.00965858,1.95,0,1.26
1,12,8,0.043126685,2.04,0,1.25
1,12,11,0.017295597,1.59,1,2.44
1,12,12,0.024932615,2.16,0,1.33
1,12,15,0.01212938,2.01,0,1.58
1,12,16,0.044249775,1.97,0,1.84
1,12,18,0.015274034,1.98,0,1.26
2,12,1,0.006505123,1.61,1,1.94
2,12,3,0.239713775,1.98,0,0.82
2,12,4,0.042771182,1.71,1,2.04
2,12,5,0.007643519,1.95,0,1.31
2,12,6,0.088794926,2,0,1.31
2,12,7,0.005529354,1.61,1,1.92
2,12,8,0.027646772,2.04,0,1.4
2,12,9,0.013010246,2,0,1.48
2,12,18,0.169133192,1.98,0,1.15
2,12,19,0.009595056,1.89,0,1.38
2,12,20,0.048788421,2.08,0,1.09
3,12,4,0.009955104,1.71,1,1.99
3,12,6,0.073199297,2,0,1.29
3,12,7,0.161038454,1.61,1,1.86
3,12,8,0.026546945,2.04,0,1.26
3,12,10,0.095647082,2.04,0,1.28
3,12,11,0.004879953,1.59,1,2.43
3,12,12,0.026937341,2.16,0,1.32
3,12,17,0.088229553,1.55,1,1.71
3,12,20,0.016787039,2.08,0,1.14
4,12,1,0.013055519,1.61,1,2
4,12,2,0.004483714,1.6,1,2.06
4,12,4,0.004615587,1.71,1,1.96
4,12,5,0.040221548,1.95,0,1.3
4,12,6,0.031254121,2,0,1.21
4,12,7,0.086641171,1.61,1,1.84
4,12,8,0.151786892,2.04,0,1.31
4,12,9,0.023869181,2,0,1.48
4,12,10,0.095872346,2.04,0,1.26
4,12,11,0.000395622,1.59,1,2.38
4,12,12,0.017275485,2.16,0,1.28
4,12,14,0.001318739,1.62,1,1.84
4,12,17,0.068574443,1.55,1,1.68
4,12,18,0.049716471,1.98,0,1.16
4,12,19,0.044837136,1.89,0,1.3
5,12,1,0.064029215,1.61,1,2
5,12,2,0.044552648,1.6,1,2.06
5,12,3,0.163237979,1.98,0,0.69
5,12,6,0.102982349,2,0,1.27
5,12,8,0.032744979,2.04,0,1.33
5,12,10,0.038709677,2.04,0,1.18
5,12,15,0.013146683,2.01,0,1.57
5,12,17,0.088496652,1.55,1,1.74
5,12,20,0.092270237,2.08,0,1.13
1,13,6,0.101527403,2,0,1.45
1,13,7,0.042228212,1.61,1,1.96
1,13,8,0.124663073,2.04,0,1.36
1,13,11,0.017070979,1.59,1,2.55
1,13,13,0.063791554,1.95,0,1.08
1,13,15,0.011230907,2.01,0,1.7
2,13,2,0.063099691,1.6,1,1.99
2,13,7,0.01772646,1.61,1,1.99
2,13,9,0.00081314,2,0,1.68
2,13,10,0.033013498,2.04,0,1.34
2,13,12,0.007480891,2.16,0,1.51
2,13,13,0.124898357,1.95,0,1.11
2,13,14,0.159050252,1.62,1,1.88
2,13,17,0.07074321,1.55,1,1.8
2,13,19,0.033338754,1.89,0,1.43
2,13,20,0.006993007,2.08,0,1.22
3,13,7,0.01249268,1.61,1,1.99
3,13,8,0.002927972,2.04,0,1.45
3,13,10,0.012102284,2.04,0,1.39
3,13,11,0.019129416,1.59,1,2.45
3,13,12,0.112629319,2.16,0,1.55
3,13,13,0.17079836,1.95,0,1.23
3,13,14,0.036111653,1.62,1,1.9
3,13,16,0.00936951,1.97,0,1.72
3,13,19,0.008393519,1.89,0,1.44
4,13,2,0.050243967,1.6,1,2
4,13,3,0.162600554,1.98,0,0.89
4,13,5,0.057892655,1.95,0,1.42
4,13,6,0.039694052,2,0,1.33
4,13,7,0.00672557,1.61,1,1.89
4,13,10,0.045892127,2.04,0,1.36
4,13,13,0.142687591,1.95,0,1.04
4,13,14,0.011473032,1.62,1,1.78
4,13,15,0.005406831,2.01,0,1.81
4,13,16,0.000527496,1.97,0,1.68
4,13,17,0.127126467,1.55,1,1.82
5,13,1,0.060620816,1.61,1,1.98
5,13,10,0.004625685,2.04,0,1.37
5,13,11,0.000608643,1.59,1,2.53
5,13,12,0.009981741,2.16,0,1.41
5,13,14,0.221059038,1.62,1,1.81
5,13,16,0.022398052,1.97,0,1.61
5,13,18,0.203286671,1.98,0,1.36
5,13,19,0.065124772,1.89,0,1.41
1,14,1,0.126460018,1.61,1,2.04
1,14,4,0.064914645,1.71,1,2.08
1,14,8,0.083557951,2.04,0,1.54
1,14,11,0.022911051,1.59,1,2.47
1,14,12,0.020440252,2.16,0,1.45
1,14,16,0.100404313,1.97,0,1.68
2,14,1,0.009107172,1.61,1,2
2,14,4,0.019840624,1.71,1,2.03
2,14,5,0.01935274,1.95,0,1.28
2,14,6,0.015449667,2,0,1.38
2,14,7,0.052528866,1.61,1,1.99
2,14,8,0.012197105,2.04,0,1.49
2,14,10,0.006830379,2.04,0,1.3
2,14,11,0.009757684,1.59,1,2.53
2,14,12,0.025044723,2.16,0,1.31
2,14,13,0.351764515,1.95,0,0.95
2,14,14,0.088632298,1.62,1,1.69
2,14,17,0.07074321,1.55,1,1.81
2,14,19,0.00845666,1.89,0,1.42
3,14,2,0.143665821,1.6,1,1.91
3,14,5,0.158110482,1.95,0,1.38
3,14,7,0.016787039,1.61,1,1.87
3,14,10,0.030646106,2.04,0,1.3
3,14,11,0.002147179,1.59,1,2.55
3,14,12,0.010735897,2.16,0,1.44
3,14,14,0.106773375,1.62,1,1.66
3,14,15,0.031426898,2.01,0,1.93
3,14,16,0.026937341,1.97,0,1.6
3,14,18,0.048018739,1.98,0,1.13
4,14,1,0.044705262,1.61,1,1.96
4,14,3,0.187129105,1.98,0,0.59
4,14,4,0.001318739,1.71,1,2.19
4,14,5,0.01107741,1.95,0,1.32
4,14,7,0.0030331,1.61,1,1.97
4,14,9,0.001054991,2,0,1.61
4,14,10,0.031649743,2.04,0,1.21
4,14,11,0.00672557,1.59,1,2.44
4,14,12,0.025451668,2.16,0,1.4
4,14,13,0.23196624,1.95,0,0.85
4,14,17,0.190953449,1.55,1,1.99
4,14,19,0.076750626,1.89,0,1.46
5,14,6,0.012172855,2,0,1.48
5,14,10,0.091661595,2.04,0,1.33
5,14,11,0.029701765,1.59,1,2.5
5,14,14,0.069872185,1.62,1,1.81
5,14,17,0.033597079,1.55,1,1.73
5,14,18,0.054899574,1.98,0,1.21
5,14,19,0.205112599,1.89,0,1.53
1,15,2,0.065139263,1.6,1,1.68
1,15,4,0.012578616,1.71,1,2.13
1,15,8,0.028526505,2.04,0,1.39
1,15,10,0.008760108,2.04,0,1.26
1,15,12,0.023809524,2.16,0,1.47
1,15,14,0.272686433,1.62,1,1.75
1,15,16,0.054806828,1.97,0,1.45
2,15,5,0.034965035,1.95,0,1.21
2,15,6,0.010245568,2,0,1.35
2,15,7,0.033826638,1.61,1,1.99
2,15,8,0.030411449,2.04,0,1.41
2,15,10,0.024882095,2.04,0,1.28
2,15,11,0.003252561,1.59,1,2.34
2,15,12,0.008294032,2.16,0,1.36
2,15,13,0.0834282,1.95,0,0.86
2,15,14,0.182631322,1.62,1,1.68
2,15,15,0.007480891,2.01,0,1.51
2,15,16,0.022930558,1.97,0,1.36
2,15,17,0.159050252,1.55,1,1.72
3,15,1,0.026156549,1.61,1,1.89
3,15,2,0.069490533,1.6,1,1.76
3,15,3,0.134881905,1.98,0,0.77
3,15,4,0.004489557,1.71,1,2.15
3,15,6,0.013273473,2,0,1.37
3,15,7,0.051727503,1.61,1,2.07
3,15,9,0.06558657,2,0,1.69
3,15,10,0.032402889,2.04,0,1.27
3,15,15,0.003903963,2.01,0,1.78
3,15,16,0.008783916,1.97,0,1.37
3,15,18,0.026742143,1.98,0,1.23
3,15,20,0.012102284,2.08,0,1.18
4,15,1,0.029012264,1.61,1,1.92
4,15,2,0.037847817,1.6,1,1.7
4,15,4,0.067387577,1.71,1,2.12
4,15,6,0.065936964,2,0,1.35
4,15,8,0.104312277,2.04,0,1.53
4,15,9,0.009626797,2,0,1.71
4,15,19,0.028089147,1.89,0,1.46
5,15,3,0.24102252,1.98,0,0.78
5,15,6,0.036031649,2,0,1.26
5,15,9,0.003408399,2,0,1.71
5,15,10,0.169689592,2.04,0,1.31
5,15,14,0.088618381,1.62,1,1.65
5,15,17,0.043457091,1.55,1,1.66
1,16,2,0.201033243,1.6,1,1.93
1,16,6,0.058176101,2,0,1.43
1,16,8,0.066486972,2.04,0,1.54
1,16,9,0.069407008,2,0,1.94
1,16,10,0.015498652,2.04,0,1.39
1,16,12,0.078167116,2.16,0,1.37
1,16,15,0.064690027,2.01,0,1.59
1,16,16,0.025157233,1.97,0,1.37
2,16,3,0.263620101,1.98,0,0.87
2,16,4,0.010570825,1.71,1,1.94
2,16,5,0.016425435,1.95,0,1.15
2,16,7,0.04716214,1.61,1,1.97
2,16,8,0.016262807,2.04,0,1.5
2,16,9,0.013335502,2,0,1.8
2,16,11,0.004878842,1.59,1,2.48
2,16,12,0.004878842,2.16,0,1.23
2,16,16,0.04130753,1.97,0,1.41
2,16,17,0.161652301,1.55,1,1.7
2,16,18,0.009920312,1.98,0,1.44
2,16,20,0.047487396,2.08,0,1.34
3,16,1,0.023423775,1.61,1,1.97
3,16,3,0.197735702,1.98,0,0.75
3,16,4,0.043919578,1.71,1,2.1
3,16,6,0.019324614,2,0,1.31
3,16,8,0.026937341,2.04,0,1.54
3,16,11,0.003513566,1.59,1,2.57
3,16,12,0.013078274,2.16,0,1.3
3,16,13,0.153620925,1.95,0,0.91
3,16,14,0.070271325,1.62,1,1.64
3,16,15,0.002927972,2.01,0,1.64
3,16,16,0.06870974,1.97,0,1.33
3,16,20,0.005075151,2.08,0,1.3
4,16,1,0.013319267,1.61,1,1.91
4,16,3,0.402215482,1.98,0,0.93
4,16,4,0.006329949,1.71,1,2.09
4,16,8,0.01107741,2.04,0,1.58
4,16,9,0.013978636,2,0,1.78
4,16,10,0.002505605,2.04,0,1.36
4,16,12,0.113411579,2.16,0,1.41
4,16,16,0.016088619,1.97,0,1.44
4,16,17,0.056705789,1.55,1,1.71
4,16,18,0.006989318,1.98,0,1.38
5,16,1,0.012294583,1.61,1,1.98
5,16,2,0.008642727,1.6,1,1.73
5,16,3,0.310286062,1.98,0,0.86
5,16,5,0.130858186,1.95,0,1.14
5,16,7,0.067072428,1.61,1,2
5,16,8,0.020693853,2.04,0,1.5
5,16,14,0.070602556,1.62,1,1.64
5,16,19,0.013998783,1.89,0,1.51
5,16,20,0.008520998,2.08,0,1.32
1,17,2,0.118149146,1.6,1,1.8
1,17,5,0.24640611,1.95,0,1.2
1,17,7,0.001796945,1.61,1,1.93
1,17,8,0.032345013,2.04,0,1.33
1,17,10,0.023135669,2.04,0,1.53
1,17,12,0.075696316,2.16,0,1.33
1,17,15,0.004267745,2.01,0,1.67
1,17,16,0.007861635,1.97,0,1.52
1,17,17,0.028077269,1.55,1,1.73
1,17,19,0.013701707,1.89,0,1.39
2,17,1,0.056594568,1.61,1,1.98
2,17,3,0.422995609,1.98,0,0.87
2,17,4,0.037729712,1.71,1,1.87
2,17,5,0.016913319,1.95,0,1.12
2,17,6,0.038380224,2,0,1.56
2,17,8,0.016913319,2.04,0,1.28
2,17,9,0.018214344,2,0,1.77
2,17,10,0.013660758,2.04,0,1.56
2,17,11,0.029923565,1.59,1,2.26
2,17,12,0.008619288,2.16,0,1.22
3,17,6,0.121413234,2,0,1.55
3,17,8,0.076908062,2.04,0,1.45
3,17,9,0.018348624,2,0,1.83
3,17,10,0.03962522,2.04,0,1.52
3,17,11,0.023618973,1.59,1,2.25
3,17,17,0.010931095,1.55,1,1.77
3,17,18,0.038649229,1.98,0,1.77
3,17,20,0.03337888,2.08,0,1.42
4,17,1,0.110246604,1.61,1,2
4,17,5,0.052749571,1.95,0,1.1
4,17,6,0.005802453,2,0,1.46
4,17,7,0.014506132,1.61,1,1.88
4,17,8,0.008439931,2.04,0,1.31
4,17,9,0.01846235,2,0,1.75
4,17,10,0.011868654,2.04,0,1.49
4,17,11,0.002505605,1.59,1,2.31
4,17,12,0.109587235,2.16,0,1.18
4,17,13,0.230515627,1.95,0,0.92
4,17,15,0.007648688,2.01,0,1.81
4,17,16,0.00672557,1.97,0,1.5
4,17,18,0.001318739,1.98,0,1.69
4,17,19,0.006461822,1.89,0,1.44
4,17,20,0.006593696,2.08,0,1.41
5,17,1,0.044309191,1.61,1,1.89
5,17,2,0.243822276,1.6,1,1.83
5,17,5,0.099087036,1.95,0,1.06
5,17,8,0.073280584,2.04,0,1.37
5,17,11,0.020206939,1.59,1,2.14
5,17,16,0.013633597,1.97,0,1.36
5,17,17,0.014363968,1.55,1,1.72
1,18,1,0.157008086,1.61,1,1.95
1,18,3,0.394654088,1.98,0,0.9
1,18,4,0.04245283,1.71,1,1.84
1,18,6,0.00853549,2,0,1.42
1,18,7,0.003369272,1.61,1,1.97
1,18,8,0.039308176,2.04,0,1.29
1,18,15,0.010107817,2.01,0,1.68
1,18,18,0.010557053,1.98,0,1.69
2,18,2,0.043746951,1.6,1,1.87
2,18,3,0.320865181,1.98,0,0.72
2,18,4,0.162465442,1.71,1,1.98
2,18,7,0.0278094,1.61,1,2.01
2,18,8,0.020003253,2.04,0,1.2
2,18,13,0.005854611,1.95,0,0.96
2,18,15,0.005854611,2.01,0,1.73
2,18,17,0.02358107,1.55,1,1.91
2,18,18,0.005691982,1.98,0,1.55
2,18,19,0.031387217,1.89,0,1.37
2,18,20,0.0278094,2.08,0,1.48
3,18,1,0.02810853,1.61,1,1.99
3,18,2,0.025570955,1.6,1,1.83
3,18,4,0.02498536,1.71,1,1.91
3,18,6,0.052898692,2,0,1.41
3,18,7,0.052313098,1.61,1,1.94
3,18,8,0.146398595,2.04,0,1.22
3,18,11,0.02498536,1.59,1,2.18
3,18,12,0.028303728,2.16,0,1.18
3,18,14,0.063439391,1.62,1,1.86
3,18,15,0.025375756,2.01,0,1.84
3,18,16,0.031817295,1.97,0,1.47
4,18,5,0.074113148,1.95,0,1.1
4,18,6,0.032309112,2,0,1.45
4,18,10,0.011604906,2.04,0,1.63
4,18,11,0.000395622,1.59,1,2.27
4,18,13,0.321508638,1.95,0,1.14
4,18,14,0.064222603,1.62,1,1.84
4,18,15,0.035078465,2.01,0,1.84
4,18,17,0.031913491,1.55,1,2.03
4,18,18,0.028221021,1.98,0,1.68
4,18,19,0.009758671,1.89,0,1.38
4,18,20,0.004219966,2.08,0,1.58
5,18,1,0.043822276,1.61,1,1.97
5,18,2,0.016798539,1.6,1,1.93
5,18,5,0.264881315,1.95,0,1.3
5,18,6,0.078880097,2,0,1.41
5,18,7,0.018502739,1.61,1,2.09
5,18,12,0.036883749,2.16,0,1.17
5,18,13,0.062811929,1.95,0,1.04
5,18,17,0.038587949,1.55,1,2.02
5,18,18,0.009616555,1.98,0,1.58
1,19,1,0.035265049,1.61,1,1.79
1,19,2,0.028077269,1.6,1,1.84
1,19,3,0.263477089,1.98,0,0.77
1,19,5,0.070754717,1.95,0,1.14
1,19,6,0.021338724,2,0,1.45
1,19,7,0.022461815,1.61,1,1.99
1,19,8,0.003369272,2.04,0,1.16
1,19,10,0.010332435,2.04,0,1.6
1,19,11,0.004941599,1.59,1,2.19
1,19,12,0.035265049,2.16,0,1.11
1,19,13,0.039308176,1.95,0,1.05
1,19,16,0.025606469,1.97,0,1.18
1,19,17,0.02785265,1.55,1,1.79
2,19,4,0.059033989,1.71,1,1.69
2,19,8,0.206212392,2.04,0,1.28
2,19,9,0.080988779,2,0,1.55
2,19,10,0.025207351,2.04,0,1.46
2,19,11,0.120182143,1.59,1,2.37
2,19,15,0.005366726,2.01,0,1.75
2,19,16,0.030248821,1.97,0,1.14
2,19,18,0.077248333,1.98,0,1.74
3,19,5,0.104626196,1.95,0,1.16
3,19,6,0.077493656,2,0,1.4
3,19,8,0.142494632,2.04,0,1.16
3,19,9,0.004684755,2,0,1.5
3,19,10,0.005075151,2.04,0,1.65
3,19,11,0.019715011,1.59,1,2.24
3,19,12,0.026546945,2.16,0,1.06
3,19,15,0.009564708,2.01,0,1.72
3,19,16,0.149716963,1.97,0,1.25
3,19,18,0.005465548,1.98,0,1.66
4,19,6,0.099301068,2,0,1.38
4,19,7,0.035737835,1.61,1,1.89
4,19,8,0.054068311,2.04,0,1.24
4,19,10,0.0030331,2.04,0,1.52
4,19,12,0.028089147,2.16,0,1.04
4,19,14,0.036660952,1.62,1,1.98
4,19,15,0.016616115,2.01,0,1.68
4,19,16,0.0708163,1.97,0,1.09
4,19,17,0.035605961,1.55,1,1.85
4,19,18,0.060925755,1.98,0,1.77
4,19,19,0.03257286,1.89,0,1.36
5,19,4,0.063907486,1.71,1,1.78
5,19,5,0.076323798,1.95,0,1.12
5,19,7,0.002678028,1.61,1,1.97
5,19,8,0.097017651,2.04,0,1.21
5,19,11,0.015824711,1.59,1,2.17
5,19,14,0.137066342,1.62,1,1.91
5,19,16,0.227754108,1.97,0,1.24
1,20,3,0.369496855,1.98,0,0.61
1,20,4,0.028526505,1.71,1,1.83
1,20,5,0.048742138,1.95,0,1.21
1,20,9,0.044249775,2,0,1.54
1,20,12,0.055929919,2.16,0,1.03
1,20,16,0.208221024,1.97,0,1.14
1,20,17,0.018643306,1.55,1,2
1,20,19,0.007412399,1.89,0,1.47
1,20,20,0.001347709,2.08,0,1.64
2,20,3,0.321190437,1.98,0,0.76
2,20,6,0.022442674,2,0,1.22
2,20,7,0.048137909,1.61,1,1.77
2,20,8,0.066026996,2.04,0,1.23
2,20,10,0.004390958,2.04,0,1.73
2,20,14,0.079687754,1.62,1,1.81
3,20,1,0.017958228,1.61,1,1.78
3,20,3,0.4270935,1.98,0,0.68
3,20,4,0.077493656,1.71,1,1.89
3,20,5,0.041772399,1.95,0,1.15
3,20,7,0.011126293,1.61,1,1.95
3,20,11,0.009564708,1.59,1,2.16
3,20,15,0.002537576,2.01,0,1.73
3,20,16,0.036892446,1.97,0,1.08
3,20,18,0.009564708,1.98,0,1.67
3,20,19,0.021471794,1.89,0,1.46
4,20,1,0.009494923,1.61,1,1.9
4,20,4,0.037847817,1.71,1,1.85
4,20,8,0.291177634,2.04,0,1.46
4,20,14,0.068574443,1.62,1,1.81
4,20,15,0.002241857,2.01,0,1.58
4,20,16,0.056178294,1.97,0,1.08
4,20,17,0.078333114,1.55,1,1.9
4,20,18,0.001978109,1.98,0,1.64
4,20,19,0.012791771,1.89,0,1.41
5,20,1,0.031040779,1.61,1,1.96
5,20,3,0.440413877,1.98,0,0.88
5,20,6,0.017650639,2,0,1.34
5,20,7,0.038222763,1.61,1,1.86
5,20,9,0.011564212,2,0,1.52
5,20,11,0.014485697,1.59,1,2.3
5,20,14,0.024102252,1.62,1,1.89
5,20,15,0.005964699,2.01,0,1.65
5,20,17,0.013633597,1.55,1,1.96
5,20,18,0.011564212,1.98,0,1.68
5,20,20,0.003164942,2.08,0,1.65
1,21,3,0.248203055,1.98,0,0.7
1,21,5,0.114330638,1.95,0,1.09
1,21,8,0.017969452,2.04,0,1.28
1,21,9,0.006289308,2,0,1.59
1,21,12,0.010781671,2.16,0,1.08
1,21,13,0.321203953,1.95,0,1.29
1,21,17,0.032345013,1.55,1,1.9
1,21,18,0.001347709,1.98,0,1.81
1,21,19,0.0024708,1.89,0,1.42
1,21,20,0.008760108,2.08,0,1.58
2,21,2,0.035778175,1.6,1,1.9
2,21,4,0.084078712,1.71,1,1.85
2,21,5,0.060985526,1.95,0,0.97
2,21,6,0.059196617,2,0,1.6
2,21,7,0.08001301,1.61,1,1.72
2,21,9,0.005366726,2,0,1.65
2,21,10,0.018051716,2.04,0,1.73
2,21,11,0.004716214,1.59,1,2.28
2,21,14,0.025695235,1.62,1,1.91
2,21,15,0.005854611,2.01,0,1.63
2,21,16,0.065864368,1.97,0,1.12
2,21,17,0.019190112,1.55,1,2.02
2,21,18,0.001951537,1.98,0,1.64
2,21,19,0.048951049,1.89,0,1.39
2,21,20,0.033176126,2.08,0,1.45
3,21,1,0.195002928,1.61,1,2.23
3,21,2,0.038258833,1.6,1,1.88
3,21,5,0.040406012,1.95,0,0.99
3,21,6,0.035526059,2,0,1.56
3,21,7,0.042357993,1.61,1,1.87
3,21,9,0.005270349,2,0,1.53
3,21,12,0.034550068,2.16,0,1.12
3,21,16,0.093695101,1.97,0,1.08
3,21,17,0.082764005,1.55,1,1.96
3,21,18,0.001561585,1.98,0,1.61
3,21,20,0.0312317,2.08,0,1.39
4,21,1,0.029012264,1.61,1,2.02
4,21,2,0.043254649,1.6,1,2.04
4,21,4,0.031781617,1.71,1,1.87
4,21,7,0.087564289,1.61,1,1.82
4,21,9,0.039034683,2,0,1.65
4,21,11,0.021099829,1.59,1,2.23
4,21,12,0.227086905,2.16,0,1.27
4,21,13,0.036133456,1.95,0,1.16
4,21,14,0.047738362,1.62,1,1.99
4,21,16,0.045892127,1.97,0,1.04
4,21,18,0.010813662,1.98,0,1.69
4,21,20,0.00672557,2.08,0,1.43
5,21,2,0.157638466,1.6,1,1.92
5,21,4,0.032136336,1.71,1,1.95
5,21,5,0.060499087,1.95,0,1.01
5,21,7,0.019720024,1.61,1,1.77
5,21,10,0.004503956,2.04,0,1.71
5,21,13,0.07863664,1.95,0,1.19
5,21,16,0.125015216,1.97,0,1.13
5,21,17,0.054777845,1.55,1,2.04
5,21,19,0.012781497,1.89,0,1.49
5,21,20,0.017163725,2.08,0,1.44
1,22,1,0.014150943,1.61,1,2.08
1,22,9,0.022686433,2,0,1.67
1,22,13,0.278526505,1.95,0,1.39
1,22,15,0.029424978,2.01,0,1.44
1,22,16,0.130727763,1.97,0,1.06
2,22,3,0.096763701,1.98,0,0.85
2,22,4,0.006993007,1.71,1,1.96
2,22,6,0.005691982,2,0,1.73
2,22,7,0.03203773,1.61,1,1.86
2,22,8,0.034151895,2.04,0,1.33
2,22,9,0.214343796,2,0,1.69
2,22,11,0.004553586,1.59,1,2.31
2,22,14,0.005204098,1.62,1,1.97
2,22,16,0.175313059,1.97,0,1.04
2,22,17,0.001951537,1.55,1,1.86
2,22,18,0.002276793,1.98,0,1.6
2,22,19,0.063587575,1.89,0,1.38
3,22,3,0.187390201,1.98,0,0.78
3,22,4,0.044309975,1.71,1,1.99
3,22,8,0.119851649,2.04,0,1.37
3,22,11,0.013273473,1.59,1,2.33
3,22,12,0.044505173,2.16,0,1.09
3,22,14,0.028498926,1.62,1,1.87
3,22,15,0.058169042,2.01,0,1.48
3,22,16,0.02810853,1.97,0,1.07
4,22,2,0.073717526,1.6,1,2
4,22,3,0.184359752,1.98,0,0.81
4,22,4,0.041408414,1.71,1,2.02
4,22,5,0.056969537,1.95,0,1.1
4,22,11,0.009363049,1.59,1,2.3
4,22,12,0.057892655,2.16,0,1.15
4,22,15,0.140841356,2.01,0,1.51
4,22,19,0.020440459,1.89,0,1.3
4,22,20,0.075431887,2.08,0,1.35
5,22,2,0.039196592,1.6,1,2.08
5,22,3,0.218259282,1.98,0,0.91
5,22,6,0.064637858,2,0,1.68
5,22,8,0.052343274,2.04,0,1.35
5,22,9,0.036396835,2,0,1.64
5,22,10,0.002799757,2.04,0,1.67
5,22,14,0.050273889,1.62,1,2.05
5,22,17,0.020328667,1.55,1,1.92
5,22,20,0.034205721,2.08,0,1.38
1,23,1,0.01460018,1.61,1,2.06
1,23,2,0.032345013,1.6,1,1.94
1,23,3,0.219451932,1.98,0,0.91
1,23,4,0.008086253,1.71,1,2.06
1,23,6,0.005166217,2,0,1.51
1,23,7,0.019092543,1.61,1,1.75
1,23,9,0.04245283,2,0,1.59
1,23,11,0.006963163,1.59,1,2.19
1,23,12,0.099281222,2.16,0,1.28
1,23,13,0.011904762,1.95,0,1.1
1,23,16,0.126010782,1.97,0,1.09
2,23,1,0.057082452,1.61,1,2.03
2,23,3,0.138559115,1.98,0,0.87
2,23,6,0.026020491,2,0,1.53
2,23,7,0.0648886,1.61,1,1.71
2,23,8,0.027321516,2.04,0,1.37
2,23,12,0.02439421,2.16,0,1.3
2,23,14,0.042283298,1.62,1,1.88
2,23,16,0.186534396,1.97,0,1.1
2,23,19,0.019027484,1.89,0,1.46
3,23,1,0.011516689,1.61,1,2.08
3,23,2,0.029670115,1.6,1,1.91
3,23,4,0.071442514,1.71,1,2
3,23,7,0.072613703,1.61,1,1.86
3,23,9,0.030060511,2,0,1.62
3,23,11,0.015811048,1.59,1,2.15
3,23,15,0.02186219,2.01,0,1.56
3,23,17,0.081983213,1.55,1,1.98
3,23,20,0.206129221,2.08,0,1.26
4,23,4,0.018594224,1.71,1,2.02
4,23,5,0.120137149,1.95,0,1.36
4,23,6,0.03257286,2,0,1.48
4,23,7,0.0768825,1.61,1,1.75
4,23,8,0.043914018,2.04,0,1.31
4,23,10,0.034287221,2.04,0,1.84
4,23,12,0.059343268,2.16,0,1.19
4,23,13,0.033495978,1.95,0,1.08
4,23,18,0.073453778,1.98,0,1.63
5,23,1,0.010590383,1.61,1,1.94
5,23,2,0.160194766,1.6,1,1.97
5,23,3,0.119780889,1.98,0,0.82
5,23,5,0.043335362,1.95,0,1.28
5,23,9,0.005721242,2,0,1.6
5,23,10,0.007912355,2.04,0,1.71
5,23,12,0.112233719,2.16,0,1.14
5,23,13,0.00754717,1.95,0,1.26
5,23,15,0.002312842,2.01,0,1.49
5,23,16,0.107729763,1.97,0,1.11
5,23,18,0.008520998,1.98,0,1.53
5,23,19,0.009494827,1.89,0,1.47
5,23,20,0.061472915,2.08,0,1.23
1,24,1,0.01572327,1.61,1,1.96
1,24,4,0.0024708,1.71,1,1.75
1,24,5,0.173854447,1.95,0,1.34
1,24,9,0.013027853,2,0,1.48
1,24,10,0.002695418,2.04,0,1.91
1,24,12,0.044025157,2.16,0,1.31
1,24,14,0.012353998,1.62,1,2.09
1,24,15,0.031671159,2.01,0,1.41
1,24,16,0.150943396,1.97,0,1.09
1,24,17,0.134995508,1.55,1,2.13
2,24,2,0.018214344,1.6,1,1.59
2,24,4,0.0370792,1.71,1,1.72
2,24,5,0.089445438,1.95,0,1.32
2,24,6,0.011871849,2,0,1.53
2,24,7,0.03366401,1.61,1,2.06
2,24,8,0.098389982,2.04,0,1.24
2,24,9,0.008131403,2,0,1.72
2,24,10,0.001626281,2.04,0,1.97
2,24,11,0.032200358,1.59,1,2.28
2,24,14,0.017401203,1.62,1,2.24
2,24,15,0.013660758,2.01,0,1.48
2,24,18,0.014799154,1.98,0,1.6
2,24,19,0.006017239,1.89,0,1.66
2,24,20,0.157749228,2.08,0,1.04
3,24,3,0.083935194,1.98,0,0.77
3,24,7,0.004489557,1.61,1,2.1
3,24,8,0.02713254,2.04,0,1.26
3,24,10,0.002342378,2.04,0,1.95
3,24,11,0.010345501,1.59,1,2.15
3,24,13,0.054069881,1.95,0,1.17
3,24,14,0.004489557,1.62,1,2.26
3,24,15,0.043138786,2.01,0,1.49
3,24,16,0.247120828,1.97,0,1.11
3,24,19,0.054850673,1.89,0,1.61
3,24,20,0.077884052,2.08,0,1.14
4,24,1,0.020704207,1.61,1,2
4,24,2,0.276144006,1.6,1,1.79
4,24,6,0.012396149,2,0,1.51
4,24,9,0.028748516,2,0,1.57
4,24,11,0.005934327,1.59,1,2.18
4,24,15,0.079256231,2.01,0,1.43
4,24,16,0.043122775,1.97,0,0.91
4,24,19,0.025451668,1.89,0,1.62
5,24,6,0.013146683,2,0,1.49
5,24,7,0.01424224,1.61,1,2.17
5,24,11,0.008886184,1.59,1,2.13
5,24,14,0.069872185,1.62,1,2.02
5,24,16,0.123797931,1.97,0,1.02
5,24,17,0.00754717,1.55,1,1.89
5,24,19,0.026293366,1.89,0,1.7
5,24,20,0.194643944,2.08,0,1.15
1,25,2,0.059299191,1.6,1,1.74
1,25,3,0.038409704,1.98,0,0.91
1,25,4,0.074573226,1.71,1,1.88
1,25,6,0.011904762,2,0,1.52
1,25,19,0.028975741,1.89,0,1.61
1,25,20,0.243036837,2.08,0,1.31
2,25,3,0.204260855,1.98,0,1.05
2,25,5,0.019840624,1.95,0,1.42
2,25,6,0.064725972,2,0,1.59
2,25,8,0.099040494,2.04,0,1.22
2,25,9,0.002114165,2,0,1.66
2,25,10,0.008619288,2.04,0,1.71
2,25,12,0.011221337,2.16,0,1.35
2,25,14,0.006342495,1.62,1,2.1
2,25,15,0.019190112,2.01,0,1.46
3,25,1,0.099551044,1.61,1,1.87
3,25,4,0.073589694,1.71,1,1.85
3,25,7,0.120632442,1.61,1,2.03
3,25,8,0.077298458,2.04,0,1.32
3,25,9,0.006636736,2,0,1.76
3,25,10,0.003708764,2.04,0,1.67
3,25,11,0.017958228,1.59,1,2.11
3,25,12,0.055436268,2.16,0,1.25
3,25,17,0.025180558,1.55,1,1.93
3,25,20,0.108139762,2.08,0,1.09
4,25,1,0.021627324,1.61,1,2.01
4,25,2,0.057628907,1.6,1,1.73
4,25,3,0.226031913,1.98,0,0.96
4,25,5,0.009758671,1.95,0,1.44
4,25,10,0.020440459,2.04,0,1.77
4,25,13,0.041804035,1.95,0,1.25
4,25,15,0.016616115,2.01,0,1.46
4,25,16,0.154951866,1.97,0,1.03
4,25,17,0.064354477,1.55,1,2.04
4,25,18,0.015297376,1.98,0,1.59
5,25,2,0.051491175,1.6,1,1.71
5,25,4,0.047961047,1.71,1,1.78
5,25,6,0.002312842,2,0,1.73
5,25,8,0.082531954,2.04,0,1.23
5,25,9,0.010225198,2,0,1.78
5,25,10,0.034083993,2.04,0,1.72
5,25,12,0.01838101,2.16,0,1.27
5,25,14,0.009860012,1.62,1,2.25
5,25,15,0.022154595,2.01,0,1.42
5,25,16,0.261229458,1.97,0,1.05
5,25,18,0.007060256,1.98,0,1.67
1,26,1,0.048292902,1.61,1,2.06
1,26,2,0.079964061,1.6,1,1.66
1,26,3,0.079514825,1.98,0,0.96
1,26,5,0.027178796,1.95,0,1.35
1,26,9,0.003818509,2,0,1.61
1,26,10,0.005390836,2.04,0,1.66
1,26,11,0.005615454,1.59,1,2.04
1,26,12,0.028751123,2.16,0,1.06
1,26,15,0.094564241,2.01,0,1.34
1,26,16,0.030548068,1.97,0,1.07
1,26,18,0.016172507,1.98,0,1.34
1,26,19,0.031671159,1.89,0,1.54
1,26,20,0.026280323,2.08,0,1.06
2,26,4,0.090909091,1.71,1,1.95
2,26,6,0.010408196,2,0,1.46
2,26,7,0.034639779,1.61,1,2.15
2,26,9,0.07578468,2,0,1.76
2,26,11,0.066189624,1.59,1,2.19
2,26,13,0.110749715,1.95,0,1.11
2,26,18,0.012034477,1.98,0,1.31
3,26,5,0.030450908,1.95,0,1.43
3,26,9,0.006441538,2,0,1.68
3,26,11,0.084911185,1.59,1,2.16
3,26,12,0.080812024,2.16,0,1.11
3,26,13,0.101698224,1.95,0,1.12
3,26,15,0.024399766,2.01,0,1.41
3,26,17,0.019715011,1.55,1,2.15
3,26,18,0.113800508,1.98,0,1.45
3,26,19,0.007612727,1.89,0,1.63
3,26,20,0.047433145,2.08,0,1.15
4,26,3,0.127785837,1.98,0,0.89
4,26,4,0.088223658,1.71,1,1.99
4,26,5,0.09165238,1.95,0,1.48
4,26,8,0.058288276,2.04,0,1.31
4,26,12,0.011868654,2.16,0,1.18
4,26,16,0.081498088,1.97,0,1.11
4,26,18,0.038111565,1.98,0,1.38
5,26,1,0.046378576,1.61,1,2.02
5,26,6,0.044674376,2,0,1.48
5,26,10,0.032014607,2.04,0,1.63
5,26,14,0.074984784,1.62,1,2.02
5,26,15,0.060499087,2.01,0,1.4
5,26,16,0.145952526,1.97,0,1.15
5,26,19,0.04017042,1.89,0,1.64
1,27,1,0.140386343,1.61,1,2.04
1,27,3,0.160601977,1.98,0,0.76
1,27,4,0.006513926,1.71,1,1.86
1,27,5,0.042003594,1.95,0,1.2
1,27,6,0.005390836,2,0,1.36
1,27,7,0.068733154,1.61,1,2.31
1,27,8,0.06671159,2.04,0,1.18
1,27,10,0.086028751,2.04,0,1.37
1,27,12,0.00359389,2.16,0,1.09
1,27,18,0.07771788,1.98,0,1.3
2,27,1,0.013335502,1.61,1,1.91
2,27,2,0.028459912,1.6,1,1.95
2,27,3,0.396649862,1.98,0,1.07
2,27,4,0.015774923,1.71,1,1.98
2,27,6,0.014961782,2,0,1.43
2,27,9,0.013335502,2,0,1.73
2,27,11,0.012359733,1.59,1,2.08
2,27,13,0.104081965,1.95,0,1.02
2,27,14,0.04130753,1.62,1,2
2,27,16,0.085217108,1.97,0,0.82
2,27,19,0.001301025,1.89,0,1.61
2,27,20,0.027158888,2.08,0,1.11
3,27,3,0.377903572,1.98,0,0.83
3,27,5,0.015030256,1.95,0,1.29
3,27,6,0.014054265,2,0,1.52
3,27,7,0.000975991,1.61,1,2.3
3,27,8,0.04997072,2.04,0,1.07
3,27,9,0.001171189,2,0,1.74
3,27,11,0.034940465,1.59,1,2.04
3,27,12,0.011126293,2.16,0,1.22
3,27,13,0.191098965,1.95,0,1.12
3,27,17,0.004684755,1.55,1,2.09
3,27,18,0.024790162,1.98,0,1.24
3,27,20,0.006441538,2.08,0,1.06
4,27,2,0.007648688,1.6,1,1.92
4,27,4,0.041540287,1.71,1,1.96
4,27,5,0.113543452,1.95,0,1.29
4,27,7,0.017539232,1.61,1,2.2
4,27,8,0.113147831,2.04,0,1.09
4,27,9,0.029935382,2,0,1.76
4,27,11,0.085718054,1.59,1,1.98
4,27,14,0.053408941,1.62,1,1.94
4,27,18,0.021759198,1.98,0,1.29
4,27,19,0.070684426,1.89,0,1.67
5,27,1,0.005234327,1.61,1,2.13
5,27,2,0.101643335,1.6,1,2.04
5,27,3,0.101156421,1.98,0,0.75
5,27,6,0.012781497,2,0,1.48
5,27,8,0.042361534,2.04,0,1.14
5,27,11,0.012416312,1.59,1,2
5,27,12,0.015824711,2.16,0,1.22
5,27,14,0.035057821,1.62,1,1.93
5,27,16,0.255751674,1.97,0,0.97
5,27,17,0.034205721,1.55,1,2.04
5,27,18,0.021059038,1.98,0,1.33
5,27,19,0.007668898,1.89,0,1.56
1,28,1,0.01572327,1.61,1,2.18
1,28,3,0.345687332,1.98,0,0.91
1,28,6,0.049415993,2,0,1.48
1,28,9,0.000898473,2,0,1.64
1,28,10,0.010107817,2.04,0,1.52
1,28,13,0.073674753,1.95,0,1.03
1,28,14,0.022012579,1.62,1,1.93
1,28,15,0.102875112,2.01,0,1.3
1,28,17,0.00606469,1.55,1,2.04
1,28,18,0.066936208,1.98,0,1.3
2,28,3,0.070905838,1.98,0,0.72
2,28,4,0.034639779,1.71,1,2.01
2,28,5,0.073670516,1.95,0,1.26
2,28,7,0.020816393,1.61,1,2.3
2,28,8,0.141161164,2.04,0,0.97
2,28,10,0.036103431,2.04,0,1.41
2,28,14,0.039681249,1.62,1,1.9
2,28,15,0.078224101,2.01,0,1.37
2,28,18,0.094974793,1.98,0,1.16
2,28,19,0.016750691,1.89,0,1.49
3,28,2,0.005075151,1.6,1,2.13
3,28,3,0.133515518,1.98,0,0.72
3,28,4,0.01561585,1.71,1,2.12
3,28,8,0.198711692,2.04,0,0.92
3,28,10,0.019910209,2.04,0,1.5
3,28,12,0.095061487,2.16,0,1.33
3,28,13,0.043138786,1.95,0,0.92
3,28,15,0.009564708,2.01,0,1.33
3,28,18,0.008003123,1.98,0,1.29
3,28,19,0.018153426,1.89,0,1.43
4,28,3,0.325860477,1.98,0,0.88
4,28,4,0.016879863,1.71,1,1.98
4,28,5,0.013451141,1.95,0,1.24
4,28,8,0.180007912,2.04,0,0.95
4,28,9,0.002505605,2,0,1.59
4,28,10,0.022286694,2.04,0,1.33
4,28,12,0.013846762,2.16,0,1.28
4,28,15,0.006198075,2.01,0,1.32
4,28,18,0.12488461,1.98,0,1.26
5,28,6,0.032258065,2,0,1.38
5,28,7,0.010225198,1.61,1,2.29
5,28,9,0.115276932,2,0,1.67
5,28,11,0.109433962,1.59,1,1.99
5,28,12,0.042361534,2.16,0,1.38
5,28,16,0.131101643,1.97,0,0.91
5,28,19,0.109312234,1.89,0,1.53
1,29,5,0.181491465,1.95,0,1.13
1,29,6,0.062443845,2,0,1.46
1,29,9,0.017295597,2,0,1.68
1,29,17,0.075696316,1.55,1,1.96
1,29,18,0.185983827,1.98,0,1.28
2,29,2,0.046836884,1.6,1,2.15
2,29,4,0.031549846,1.71,1,2.01
2,29,5,0.159863392,1.95,0,1.22
2,29,7,0.010245568,1.61,1,2.31
2,29,8,0.125223614,2.04,0,1.02
2,29,9,0.00422833,2,0,1.72
2,29,13,0.049276305,1.95,0,1.12
2,29,14,0.028785168,1.62,1,1.65
2,29,15,0.073670516,2.01,0,1.41
3,29,3,0.297677142,1.98,0,0.85
3,29,5,0.171383955,1.95,0,1.08
3,29,6,0.041577201,2,0,1.42
3,29,10,0.027522936,2.04,0,1.37
3,29,14,0.041186805,1.62,1,1.74
3,29,15,0.102869412,2.01,0,1.29
3,29,17,0.03962522,1.55,1,2.03
4,29,2,0.006461822,1.6,1,2.29
4,29,3,0.127126467,1.98,0,0.79
4,29,4,0.012659897,1.71,1,2.04
4,29,9,0.013714889,2,0,1.64
4,29,10,0.004747461,2.04,0,1.34
4,29,11,0.065541342,1.59,1,1.74
4,29,12,0.095608598,2.16,0,1.48
4,29,13,0.083476197,1.95,0,1.1
4,29,14,0.029803508,1.62,1,1.68
4,29,18,0.131082685,1.98,0,1.16
4,29,19,0.030726625,1.89,0,1.34
5,29,2,0.016189897,1.6,1,2.22
5,29,4,0.002921485,1.71,1,2.03
5,29,6,0.010346926,2,0,1.39
5,29,11,0.052343274,1.59,1,1.56
5,29,16,0.2669507,1.97,0,0.89
5,29,17,0.006573341,1.55,1,1.97
5,29,18,0.037005478,1.98,0,1.15
5,29,20,0.173097991,2.08,0,1.13
1,30,1,0.015049416,1.61,1,2.31
1,30,2,0.049865229,1.6,1,2.04
1,30,3,0.027403414,1.98,0,0.85
1,30,8,0.130053908,2.04,0,0.98
1,30,10,0.030997305,2.04,0,1.13
1,30,13,0.064690027,1.95,0,1.31
1,30,14,0.126010782,1.62,1,1.75
1,30,15,0.109838275,2.01,0,1.01
1,30,17,0.028077269,1.55,1,1.98
1,30,19,0.041778976,1.89,0,1.42
2,30,1,0.014473898,1.61,1,2.35
2,30,3,0.09351114,1.98,0,0.94
2,30,4,0.016100179,1.71,1,1.8
2,30,6,0.011383965,2,0,1.44
2,30,7,0.017238575,1.61,1,2.46
2,30,8,0.087168645,2.04,0,0.95
2,30,10,0.050902586,2.04,0,1.04
2,30,11,0.090258579,1.59,1,1.74
2,30,13,0.015287039,1.95,0,1.31
2,30,14,0.042771182,1.62,1,1.71
2,30,15,0.009757684,2.01,0,1.13
2,30,18,0.197593105,1.98,0,1.23
2,30,20,0.013010246,2.08,0,1.35
3,30,2,0.006636736,1.6,1,2.1
3,30,3,0.148155378,1.98,0,0.93
3,30,4,0.008588718,1.71,1,1.77
3,30,5,0.088034355,1.95,0,1.19
3,30,6,0.013468671,2,0,1.49
3,30,8,0.065391372,2.04,0,0.92
3,30,9,0.001171189,2,0,1.54
3,30,10,0.12082764,2.04,0,1.16
3,30,11,0.067343354,1.59,1,1.72
3,30,12,0.00312317,2.16,0,1.54
3,30,13,0.059730627,1.95,0,1.32
3,30,14,0.019129416,1.62,1,1.8
3,30,16,0.156548897,1.97,0,0.76
3,30,17,0.007807925,1.55,1,1.98
3,30,18,0.00936951,1.98,0,1.06
3,30,19,0.007027133,1.89,0,1.48
3,30,20,0.003513566,2.08,0,1.28
4,30,2,0.065409469,1.6,1,2.11
4,30,4,0.227878148,1.71,1,1.85
4,30,6,0.021099829,2,0,1.44
4,30,11,0.019253594,1.59,1,1.74
4,30,14,0.064750099,1.62,1,1.79
4,30,16,0.165238032,1.97,0,0.71
4,30,19,0.000923117,1.89,0,1.51
5,30,3,0.026171637,1.98,0,0.94
5,30,7,0.01253804,1.61,1,2.47
5,30,8,0.053317103,2.04,0,1.04
5,30,10,0.082166768,2.04,0,1.11
5,30,11,0.148752282,1.59,1,1.87
5,30,12,0.05855143,2.16,0,1.55
5,30,13,0.015946439,1.95,0,1.36
5,30,14,0.029214851,1.62,1,1.8
5,30,15,0.149604382,2.01,0,1.08
